日期,负载电量kWh,光伏电量kWh,负载峰值kW,光伏峰值kW,平均电价元每kWh,光伏负载比
2025-01-01,127286.1524,35250.9824,7469.4947,5494.7250,0.9265,0.2769
2025-01-02,127657.0785,34771.8392,7519.6199,5429.3182,0.9266,0.2724
2025-01-03,81883.5567,36378.6153,4753.5400,6232.0875,0.7386,0.4443
2025-01-04,81891.7301,37126.1277,4626.1070,6566.5273,0.7303,0.4534
2025-01-05,127674.1188,36638.4085,7474.9983,6130.3875,0.9252,0.2870
2025-01-06,126826.6901,36194.2090,7428.5300,6048.5188,0.9290,0.2854
2025-01-07,126927.4621,34360.5612,7373.5665,5426.8125,0.9234,0.2707
2025-01-08,126695.9440,37169.9426,7400.2529,6346.5393,0.9174,0.2934
2025-01-09,127066.6182,35975.0621,7450.7115,6089.8125,0.9206,0.2831
2025-01-10,81486.6384,35995.9717,4631.4600,5738.2860,0.7293,0.4417
2025-01-11,81610.1950,36744.3083,4590.2659,6055.9664,0.7342,0.4502
2025-01-12,126519.3270,35653.4386,7376.2661,5661.3299,0.9254,0.2818
2025-01-13,126980.3598,38706.4028,7430.6600,6209.8471,0.9149,0.3048
2025-01-14,127109.4906,37829.1777,7427.0300,6219.5250,0.9169,0.2976
2025-01-15,126963.8990,36893.5560,7507.7254,6093.5776,0.9231,0.2906
2025-01-16,126807.7642,37733.6127,7524.4005,6199.3148,0.9151,0.2976
2025-01-17,80876.0762,38186.9627,4658.1401,5964.0608,0.7245,0.4722
2025-01-18,81208.0575,37965.5485,4588.0665,6090.7508,0.7224,0.4675
2025-01-19,126210.8462,37527.7067,7413.6200,6244.4250,0.9177,0.2973
2025-01-20,126565.6662,38498.5896,7455.2219,6597.6375,0.9135,0.3042
2025-01-21,125750.1459,42274.2412,7419.2100,7159.1250,0.8956,0.3362
2025-01-22,126679.5886,37780.8242,7408.7913,6052.0204,0.9191,0.2982
2025-01-23,126355.4311,36789.5056,7448.7502,5765.1000,0.9220,0.2912
2025-01-24,80339.5357,40510.1226,4657.1800,6893.0015,0.7099,0.5042
2025-01-25,80632.0643,42192.4888,4513.9210,6893.0250,0.7050,0.5233
2025-01-26,126385.0486,38686.0586,7465.2636,6081.5150,0.9162,0.3061
2025-01-27,125642.9502,41448.0334,7208.8447,6775.3125,0.8984,0.3299
2025-01-28,126496.6109,39516.2116,7434.6000,6368.8875,0.9057,0.3124
2025-01-29,125425.4449,44040.2438,7546.7527,6744.6000,0.8898,0.3511
2025-01-30,126011.0499,42268.4672,7406.3915,6877.2482,0.9001,0.3354
2025-01-31,80009.9200,41245.5969,4630.4064,6402.7778,0.7114,0.5155
2025-02-01,76305.2063,41927.0304,4422.7600,6817.8939,0.6515,0.5495
2025-02-02,121705.9726,43349.6947,7139.7466,6888.0375,0.8364,0.3562
2025-02-03,122603.7690,42386.8525,7168.4724,6690.5234,0.8448,0.3457
2025-02-04,121578.0989,40383.2349,7107.2500,6731.0625,0.8492,0.3322
2025-02-05,121991.0844,41242.6574,7224.4705,6428.5545,0.8483,0.3381
2025-02-06,122252.1627,41981.1055,7370.8801,6471.7125,0.8440,0.3434
2025-02-07,76168.5969,44362.9173,4434.4978,7256.5787,0.6440,0.5824
2025-02-08,75746.7875,44169.6248,4351.2177,7088.1000,0.6424,0.5831
2025-02-09,121547.9036,41992.4876,7076.4168,6253.2750,0.8414,0.3455
2025-02-10,121477.5645,47150.9269,7204.3318,7364.3250,0.8181,0.3881
2025-02-11,121441.2816,46220.6845,7166.8905,7003.2750,0.8285,0.3806
2025-02-12,121363.8529,46097.1167,7161.6182,7315.9230,0.8264,0.3798
2025-02-13,121310.2837,49980.8047,7014.8900,7680.8224,0.8148,0.4120
2025-02-14,75872.6380,46070.8361,4372.7346,6962.8019,0.6311,0.6072
2025-02-15,76054.5522,46774.4611,4277.9180,7133.5125,0.6378,0.6150
2025-02-16,121276.9773,45899.5982,7088.5100,7028.0698,0.8303,0.3785
2025-02-17,120960.3728,49776.5096,6988.6956,7513.7044,0.8174,0.4115
2025-02-18,121331.2712,49239.8835,7206.1836,7419.9499,0.8145,0.4058
2025-02-19,121866.7941,48987.4667,7070.5550,7833.7125,0.8164,0.4020
2025-02-20,121105.2570,50112.1233,7196.5200,7539.8240,0.8168,0.4138
2025-02-21,75802.0020,50241.7400,4384.8008,7515.7143,0.6209,0.6628
2025-02-22,75682.2423,47837.4794,4331.9968,7196.6991,0.6353,0.6321
2025-02-23,121142.1409,49610.2873,7208.9983,7288.6875,0.8154,0.4095
2025-02-24,120628.9886,52425.9549,7050.7951,7662.6274,0.8082,0.4346
2025-02-25,121093.3329,55272.0096,7053.8000,8445.2427,0.7941,0.4564
2025-02-26,121060.7341,52245.8861,7226.3100,7896.2644,0.8055,0.4316
2025-02-27,120599.4889,53642.9047,7071.6761,8374.7625,0.7979,0.4448
2025-02-28,75385.1079,52092.5144,4445.4841,7498.5540,0.6167,0.6910
2025-03-01,72244.1601,48585.3942,4142.3600,7492.2702,0.6142,0.6725
2025-03-02,117860.4171,45502.1100,6795.4853,6686.5125,0.8123,0.3861
2025-03-03,117958.7456,45941.5990,6791.9200,6971.9847,0.8119,0.3895
2025-03-04,118139.0250,48939.5670,6925.7674,7151.2770,0.8006,0.4143
2025-03-05,118073.4438,51942.9718,6756.2638,7677.2250,0.7945,0.4399
2025-03-06,117673.5985,51732.9444,6885.8800,7499.5431,0.7919,0.4396
2025-03-07,71680.3614,50758.0759,3889.2260,7968.7764,0.6085,0.7081
2025-03-08,72344.7116,53281.5721,3945.5771,7735.1789,0.5973,0.7365
2025-03-09,117692.9865,54359.4615,6856.1255,8501.7000,0.7838,0.4619
2025-03-10,117943.0644,49900.9929,6838.7388,6867.5106,0.8025,0.4231
2025-03-11,117499.5529,53560.6341,6815.7693,7760.9319,0.7894,0.4558
2025-03-12,118112.2368,55676.7021,6849.8277,7996.2000,0.7802,0.4714
2025-03-13,118237.2770,50691.6590,6755.9700,6841.6500,0.7996,0.4287
2025-03-14,72108.8690,56079.4430,4085.7180,8505.6624,0.5914,0.7777
2025-03-15,72724.9818,51800.8566,3931.5800,7167.0696,0.6048,0.7123
2025-03-16,117983.2160,54632.1690,6761.7800,8389.4250,0.7849,0.4631
2025-03-17,117693.6218,59835.4904,6833.9697,8640.9976,0.7602,0.5084
2025-03-18,117253.4236,56127.4652,6921.4474,7904.3377,0.7760,0.4787
2025-03-19,117281.5580,57816.0875,6689.6717,8611.9875,0.7718,0.4930
2025-03-20,117648.3817,55439.4199,6757.8100,8090.5707,0.7786,0.4712
2025-03-21,72593.5322,60560.0677,4034.3900,8906.5125,0.5703,0.8342
2025-03-22,71936.9295,56055.7298,4167.1000,8278.4416,0.5874,0.7792
2025-03-23,117739.9773,58970.2571,6763.6612,8184.1843,0.7672,0.5009
2025-03-24,117425.1706,59426.6735,6795.0967,8525.2623,0.7675,0.5061
2025-03-25,118053.1678,57103.0431,6871.3100,8011.0998,0.7713,0.4837
2025-03-26,117704.6278,62112.0729,6761.9518,8768.6625,0.7566,0.5277
2025-03-27,117952.5984,59235.6090,6909.2138,8850.1024,0.7664,0.5022
2025-03-28,71891.7673,61069.8865,4079.1469,8901.8625,0.5748,0.8495
2025-03-29,72118.2775,64411.0683,3864.2226,9127.0875,0.5631,0.8931
2025-03-30,117994.7058,62649.0861,6727.6800,8892.9124,0.7520,0.5309
2025-03-31,117075.6656,60124.2761,6612.0330,8322.4163,0.7607,0.5136
2025-04-01,117967.1463,57758.2948,6737.5600,7235.1617,0.7731,0.4896
2025-04-02,117986.6295,57551.2940,6730.1456,7663.9875,0.7723,0.4878
2025-04-03,117884.4561,62020.9258,6769.6013,8969.2875,0.7645,0.5261
2025-04-04,71735.7518,65304.9496,3917.1456,9069.6620,0.5595,0.9104
2025-04-05,72602.7426,60558.6276,3931.6600,8792.8044,0.5755,0.8341
2025-04-06,117205.4306,62795.3543,6763.2700,8801.4075,0.7557,0.5358
2025-04-07,117015.1420,63772.4227,6828.7119,9287.9673,0.7517,0.5450
2025-04-08,117713.2903,63360.0966,6699.2279,9020.2965,0.7519,0.5383
2025-04-09,117677.5225,58543.2115,6736.9900,8105.8317,0.7663,0.4975
2025-04-10,117668.7007,63208.0628,6855.2097,9420.7500,0.7580,0.5372
2025-04-11,72091.9967,66775.3466,4037.6500,9272.7325,0.5515,0.9263
2025-04-12,71957.1758,62932.0152,3976.1200,8208.2250,0.5639,0.8746
2025-04-13,117283.0622,63006.7037,6693.9151,8404.2373,0.7563,0.5372
2025-04-14,117901.3727,65373.3409,6671.9435,8660.7490,0.7466,0.5545
2025-04-15,117056.9052,66917.4763,6608.0900,9218.8911,0.7385,0.5717
2025-04-16,117924.8851,62145.2931,6685.7564,8410.2000,0.7624,0.5270
2025-04-17,117487.0426,64618.7003,6827.5423,8705.7127,0.7478,0.5500
2025-04-18,71490.1693,65136.0522,3994.7700,8269.4625,0.5594,0.9111
2025-04-19,71905.4153,65120.7361,3916.1200,8731.5486,0.5580,0.9056
2025-04-20,117197.8163,65240.0715,6792.0200,8612.6250,0.7454,0.5567
2025-04-21,118481.6379,69964.7275,6857.4023,9678.3230,0.7340,0.5905
2025-04-22,117811.0010,65658.0717,6745.3697,8660.9267,0.7510,0.5573
2025-04-23,118030.5148,66630.5981,6759.7251,8613.0375,0.7479,0.5645
2025-04-24,117497.7797,70407.6730,6821.3307,8947.3125,0.7362,0.5992
2025-04-25,71763.3212,69762.9635,3864.9700,8982.5391,0.5407,0.9721
2025-04-26,72100.9244,72030.7307,4037.3400,10216.2000,0.5378,0.9990
2025-04-27,117032.5225,68459.0513,6958.0721,9773.1872,0.7338,0.5850
2025-04-28,117537.3008,60915.3335,6733.0600,7986.2625,0.7661,0.5183
2025-04-29,117252.7587,69819.5450,6742.0744,8972.0663,0.7304,0.5955
2025-04-30,117682.8807,69426.0263,6649.8942,8402.3250,0.7294,0.5899
2025-05-01,120364.5839,69353.2051,6698.4213,9235.0962,0.7473,0.5762
2025-05-02,74761.0267,60470.7066,4037.2752,7707.4723,0.5870,0.8089
2025-05-03,74894.8493,66027.6776,3969.5171,8849.5500,0.5698,0.8816
2025-05-04,120670.0842,68935.4169,6661.7452,8612.3007,0.7461,0.5713
2025-05-05,120612.1639,65536.1571,6978.6702,8933.5125,0.7605,0.5434
2025-05-06,121017.1901,68147.1077,6705.0600,9114.7500,0.7532,0.5631
2025-05-07,121160.2150,66092.3691,6722.4400,8872.1198,0.7587,0.5455
2025-05-08,120445.4774,64618.9650,6745.9356,7902.6323,0.7617,0.5365
2025-05-09,74253.8255,65754.4396,3944.2000,8503.9468,0.5667,0.8855
2025-05-10,74647.9870,62526.9418,4059.8774,8429.3679,0.5753,0.8376
2025-05-11,120743.0904,65259.0113,6810.1725,8567.9250,0.7608,0.5405
2025-05-12,120448.6036,68517.4084,6688.1596,8631.9801,0.7518,0.5689
2025-05-13,120269.6316,67140.4188,6792.9639,8286.2625,0.7564,0.5582
2025-05-14,120592.0053,67577.8565,6741.5507,8331.6110,0.7476,0.5604
2025-05-15,119598.3098,66833.2515,6694.6800,8915.7970,0.7528,0.5588
2025-05-16,74681.3447,71965.8382,3979.4700,9398.3872,0.5454,0.9636
2025-05-17,75274.5304,64825.7313,3978.2882,8226.4740,0.5734,0.8612
2025-05-18,120687.0370,67010.8689,6709.3900,8228.9882,0.7507,0.5552
2025-05-19,120072.3880,72557.1714,6801.6883,9791.5500,0.7318,0.6043
2025-05-20,120437.5777,65910.1829,6727.4774,8033.1050,0.7566,0.5473
2025-05-21,120283.0513,68920.4360,6708.7105,8834.8555,0.7458,0.5730
2025-05-22,119729.6800,68913.0492,6921.1675,8415.9375,0.7462,0.5756
2025-05-23,74983.3844,68562.4355,4036.6378,8776.2758,0.5570,0.9144
2025-05-24,74693.8178,70939.3164,3857.1600,9024.9261,0.5532,0.9497
2025-05-25,120319.8776,71774.8674,6819.6863,9350.4000,0.7380,0.5965
2025-05-26,119407.9694,64828.1364,6742.8242,7902.2191,0.7525,0.5429
2025-05-27,120046.8273,70656.4600,6765.3057,9260.8875,0.7429,0.5886
2025-05-28,119921.8472,67648.0231,6696.9493,8775.1952,0.7513,0.5641
2025-05-29,120439.3143,66329.1908,6727.6900,8777.3689,0.7595,0.5507
2025-05-30,74612.2245,68015.9912,4006.9058,9923.7033,0.5610,0.9116
2025-05-31,74778.3326,66389.1510,4191.1100,8854.4041,0.5664,0.8878
2025-06-01,128248.5600,57023.7337,7143.6182,7196.5431,0.8192,0.4446
2025-06-02,128080.5370,59439.7295,7148.4465,8544.6515,0.8099,0.4641
2025-06-03,128076.8406,59884.4737,7339.7755,8094.4500,0.8063,0.4676
2025-06-04,128539.8436,58894.5828,7332.9253,7396.2173,0.8137,0.4582
2025-06-05,128455.9207,57306.6026,7187.6205,7293.9266,0.8221,0.4461
2025-06-06,82747.4150,51892.4196,4411.7038,6809.5125,0.6493,0.6271
2025-06-07,83156.7597,52030.2466,4580.8126,6798.3000,0.6503,0.6257
2025-06-08,128266.9466,63082.0234,7464.8973,7976.7529,0.7971,0.4918
2025-06-09,128169.1880,57236.4752,7491.4643,7458.0375,0.8193,0.4466
2025-06-10,127414.4918,55796.0475,7093.9549,7389.5230,0.8168,0.4379
2025-06-11,128236.6773,52152.2310,7380.2678,7225.3875,0.8317,0.4067
2025-06-12,127721.8130,55269.4215,7160.7820,7236.4420,0.8220,0.4327
2025-06-13,81889.5904,53544.2767,4255.2431,7245.4464,0.6400,0.6539
2025-06-14,82253.1571,56059.8144,4411.5054,7014.7419,0.6369,0.6816
2025-06-15,127368.8845,56741.9102,7216.4039,7168.4094,0.8178,0.4455
2025-06-16,127618.6320,54924.5792,7060.7600,7403.1285,0.8232,0.4304
2025-06-17,127311.7546,52674.7434,7060.1900,6701.7119,0.8286,0.4137
2025-06-18,126909.0789,55980.6880,7018.6017,6770.4375,0.8200,0.4411
2025-06-19,127349.0669,59089.5627,7327.2228,7864.0204,0.8079,0.4640
2025-06-20,81137.0797,58736.4989,4296.4077,7189.0440,0.6213,0.7239
2025-06-21,81408.0648,62073.3244,4317.2602,8605.7877,0.6095,0.7625
2025-06-22,126539.4619,59082.1208,7279.1600,7457.9950,0.8075,0.4669
2025-06-23,126690.8731,59629.5871,7056.9931,7627.9975,0.8049,0.4707
2025-06-24,127112.8450,50844.0528,7156.4187,6472.0500,0.8405,0.4000
2025-06-25,126310.4084,55872.9871,7070.1100,6720.9071,0.8163,0.4423
2025-06-26,126697.4454,59150.0615,7153.1245,8081.5233,0.8060,0.4669
2025-06-27,79563.2550,59791.6091,4191.3944,7986.9642,0.6051,0.7515
2025-06-28,80661.5728,58884.6467,4214.7846,8626.2441,0.6230,0.7300
2025-06-29,126384.8087,57117.0402,7106.6146,7585.2486,0.8118,0.4519
2025-06-30,125947.3206,56069.6366,7085.4956,7534.9875,0.8102,0.4452
2025-07-01,141546.8511,62680.3070,7882.3436,7946.3250,0.8908,0.4428
2025-07-02,141198.6582,68293.8918,7797.5800,8417.7884,0.8753,0.4837
2025-07-03,141565.5386,61805.1197,7892.8130,7924.8750,0.9014,0.4366
2025-07-04,95795.0658,66914.1983,4918.0681,9260.3625,0.6903,0.6985
2025-07-05,95872.8349,67082.7549,5123.7797,8910.5671,0.6843,0.6997
2025-07-06,141244.5746,61450.5931,7889.8151,8332.8511,0.8987,0.4351
2025-07-07,141495.3942,68085.9114,7622.4699,8540.5125,0.8774,0.4812
2025-07-08,141285.2270,65713.8400,7923.8422,9384.2706,0.8836,0.4651
2025-07-09,140590.7050,66531.9799,7916.9667,8346.9934,0.8792,0.4732
2025-07-10,140463.5422,67609.9189,7846.4899,8971.2000,0.8775,0.4813
2025-07-11,94741.0884,62222.3112,5043.0197,7599.6379,0.7069,0.6568
2025-07-12,95318.3711,64234.1278,4790.1271,8360.4385,0.6943,0.6739
2025-07-13,139893.3665,70625.6461,7782.3328,9752.2309,0.8543,0.5049
2025-07-14,141062.4235,69254.7442,7681.8848,8723.2398,0.8722,0.4910
2025-07-15,139545.1627,66796.1121,7671.6125,8475.8418,0.8721,0.4787
2025-07-16,140365.2654,68230.7020,7978.8849,8874.2427,0.8758,0.4861
2025-07-17,139569.1593,66848.7432,7692.7679,8810.3625,0.8748,0.4790
2025-07-18,93698.0732,62423.8251,5020.9100,8135.5500,0.6942,0.6662
2025-07-19,94564.5224,67381.7033,4868.0600,8872.7250,0.6803,0.7125
2025-07-20,138750.5388,66660.5605,7896.2098,8326.9290,0.8676,0.4804
2025-07-21,138442.8198,64453.0704,7769.0612,8524.4250,0.8792,0.4656
2025-07-22,139514.8588,65719.7142,7664.0900,8928.7562,0.8751,0.4711
2025-07-23,139450.0336,65233.4865,7631.3800,8857.6875,0.8756,0.4678
2025-07-24,138902.2175,65285.7455,7595.1400,8561.2113,0.8774,0.4700
2025-07-25,92354.8397,65849.5201,4713.7100,8441.5951,0.6770,0.7130
2025-07-26,93187.6899,64718.5984,4804.3100,7935.3375,0.6880,0.6945
2025-07-27,138110.1963,64425.0065,7550.2155,8642.1774,0.8771,0.4665
2025-07-28,138228.9984,60274.1212,7823.2703,7662.7010,0.8862,0.4360
2025-07-29,138314.7451,62245.4992,7609.3426,7832.7313,0.8846,0.4500
2025-07-30,138424.3644,64321.1104,7601.4676,8521.3125,0.8797,0.4647
2025-07-31,137423.3137,62728.3175,7819.2532,8162.5183,0.8814,0.4565
2025-08-01,92719.4241,71468.0644,4836.8200,9468.7681,0.6664,0.7708
2025-08-02,91562.2442,70635.2193,4897.4200,9400.1789,0.6622,0.7714
2025-08-03,138062.4861,75223.0062,7599.5088,9887.7510,0.8334,0.5448
2025-08-04,138312.1069,72896.4519,7873.0130,9342.5452,0.8448,0.5270
2025-08-05,136458.4973,71306.1876,7501.0739,9186.9375,0.8446,0.5225
2025-08-06,136716.0878,68601.6885,7676.3702,9131.5849,0.8577,0.5018
2025-08-07,136850.7545,73462.7692,7598.5070,9737.2500,0.8411,0.5368
2025-08-08,90703.2161,74928.0449,4708.4300,9936.4883,0.6380,0.8261
2025-08-09,90303.8317,71381.9027,4720.4500,8915.2186,0.6530,0.7905
2025-08-10,136535.4447,71230.8257,7622.5300,9440.3365,0.8487,0.5217
2025-08-11,136422.2635,71861.0102,7463.9667,9412.2731,0.8396,0.5268
2025-08-12,136637.5967,68877.0530,7648.5157,9159.5196,0.8574,0.5041
2025-08-13,136547.9972,70427.0177,7936.3951,9264.4215,0.8532,0.5158
2025-08-14,135936.0554,70009.7644,7696.8218,9136.0412,0.8501,0.5150
2025-08-15,89968.0578,72808.3309,4772.1000,9494.2005,0.6512,0.8093
2025-08-16,90183.5303,73254.2500,4701.2243,9764.3257,0.6473,0.8123
2025-08-17,135369.1165,72203.7229,7597.2390,9597.1870,0.8399,0.5334
2025-08-18,135710.1747,71316.0591,7824.5106,10003.9125,0.8476,0.5255
2025-08-19,135364.4829,71046.8228,7408.1400,9176.1750,0.8429,0.5249
2025-08-20,135048.0537,64397.3626,7581.9800,8693.7750,0.8663,0.4768
2025-08-21,134971.7989,69127.3804,7582.1384,8984.8875,0.8472,0.5122
2025-08-22,90531.7304,69301.1610,4832.0900,9318.5625,0.6605,0.7655
2025-08-23,89697.1462,67167.1401,4650.6100,9101.1098,0.6592,0.7488
2025-08-24,135068.0714,71334.4819,7501.0286,10057.9095,0.8410,0.5281
2025-08-25,134511.6137,63738.5267,7474.1660,8478.0375,0.8602,0.4739
2025-08-26,134368.9639,68840.1455,7435.3109,9927.1136,0.8444,0.5123
2025-08-27,133788.3821,65874.2332,7416.8085,9230.3250,0.8534,0.4924
2025-08-28,134543.8166,63776.0216,7499.0963,8832.4500,0.8635,0.4740
2025-08-29,88328.3325,65773.1122,4649.3400,8981.5527,0.6645,0.7446
2025-08-30,89025.0876,70512.3677,4791.9135,9674.2253,0.6547,0.7921
2025-08-31,133365.3598,66718.7367,7264.4649,8731.8377,0.8465,0.5003
2025-09-01,121263.6193,67689.4847,6734.6809,8525.7745,0.7517,0.5582
2025-09-02,121532.8242,67475.0683,6764.4673,9248.9692,0.7540,0.5552
2025-09-03,121433.7164,65885.9992,6824.5643,9245.2094,0.7610,0.5426
2025-09-04,121061.1730,67135.6075,6764.8611,9128.0340,0.7570,0.5546
2025-09-05,75132.9805,68308.7188,3929.8918,8928.2625,0.5586,0.9092
2025-09-06,75826.3742,68105.2905,4064.3200,9767.5500,0.5657,0.8982
2025-09-07,120781.0090,65820.0254,6989.0914,8789.0036,0.7593,0.5450
2025-09-08,121400.5924,62005.0229,6862.3167,8995.6357,0.7735,0.5107
2025-09-09,121082.2356,67979.4013,6764.9558,9964.3484,0.7519,0.5614
2025-09-10,121274.7885,59958.7898,6754.0714,8631.9525,0.7818,0.4944
2025-09-11,120746.7783,67250.6926,6881.9950,9834.1074,0.7531,0.5570
2025-09-12,75687.2271,64135.5709,3887.0686,8731.4825,0.5751,0.8474
2025-09-13,75063.5831,67056.4816,3920.1500,10105.3207,0.5665,0.8933
2025-09-14,121237.6957,61138.3709,6808.1205,8744.1664,0.7759,0.5043
2025-09-15,120760.0299,65692.9992,6880.9500,9635.6250,0.7617,0.5440
2025-09-16,121843.3575,62351.5875,6779.0099,8488.7327,0.7779,0.5117
2025-09-17,120924.7950,60964.6766,6777.1090,9158.4375,0.7781,0.5042
2025-09-18,120804.1164,61848.0652,6724.2704,9213.9306,0.7698,0.5120
2025-09-19,75287.1265,59185.7741,3913.4669,8277.2625,0.5933,0.7861
2025-09-20,75330.7276,59685.2939,3996.0539,9012.3736,0.5875,0.7923
2025-09-21,120862.2830,62574.7955,6719.8988,8610.5260,0.7738,0.5177
2025-09-22,121218.0417,60604.0218,6824.7300,8321.7803,0.7822,0.5000
2025-09-23,121182.2813,59065.6658,6704.9712,8690.3915,0.7818,0.4874
2025-09-24,121014.1934,59950.9683,6713.8223,8621.0428,0.7761,0.4954
2025-09-25,120546.3472,60210.8982,6677.8075,8561.9250,0.7776,0.4995
2025-09-26,74194.3537,56500.1102,3879.0400,8136.6000,0.5928,0.7615
2025-09-27,75945.7717,58144.4695,4019.5900,8454.6750,0.5997,0.7656
2025-09-28,120389.6196,56901.9904,6954.9249,8362.6324,0.7894,0.4726
2025-09-29,121111.4148,58351.5232,6726.0286,8619.0719,0.7878,0.4818
2025-09-30,120916.4551,55494.2803,6818.2124,9028.0125,0.7938,0.4589
2025-10-01,117218.4547,67556.9332,6738.7900,10076.8909,0.7382,0.5763
2025-10-02,117231.7098,65500.9267,6759.4466,9607.5180,0.7420,0.5587
2025-10-03,71524.1911,63707.0374,3886.8450,9495.2286,0.5580,0.8907
2025-10-04,72397.4148,59301.4324,3958.0400,8838.9316,0.5858,0.8191
2025-10-05,117604.4209,62868.4598,6835.9028,9050.0959,0.7526,0.5346
2025-10-06,117896.1361,60163.0269,6745.9787,8657.3389,0.7685,0.5103
2025-10-07,117357.1786,59585.6156,6789.0587,8732.9297,0.7658,0.5077
2025-10-08,117391.0623,60912.5667,6988.0408,8700.2250,0.7607,0.5189
2025-10-09,117432.9897,61673.0081,6843.4350,9347.3659,0.7578,0.5252
2025-10-10,72371.5301,63027.9192,4054.5203,9899.7375,0.5595,0.8709
2025-10-11,71790.9647,57684.6512,3922.5200,8518.4250,0.5846,0.8035
2025-10-12,117709.3842,59194.4282,6754.7100,8490.1519,0.7663,0.5029
2025-10-13,117677.7538,60650.3585,6724.6440,9319.0239,0.7647,0.5154
2025-10-14,118032.2292,57258.3999,6769.2800,8790.1875,0.7731,0.4851
2025-10-15,117342.4808,55422.4571,6788.1916,8401.4329,0.7761,0.4723
2025-10-16,117733.2763,54766.8034,6711.4436,8532.5250,0.7822,0.4652
2025-10-17,71943.1725,55938.9732,3911.5600,8515.2950,0.5888,0.7775
2025-10-18,71656.7014,55580.1082,3959.7700,8155.1100,0.5831,0.7756
2025-10-19,117991.2474,54105.5248,6835.4572,8732.3890,0.7894,0.4586
2025-10-20,117903.3186,53462.5363,6701.0600,8426.4273,0.7871,0.4534
2025-10-21,117800.8490,51338.2676,6711.2730,7712.0250,0.7953,0.4358
2025-10-22,117671.9865,52117.0898,6786.4352,8013.1663,0.7930,0.4429
2025-10-23,117212.0155,53832.5185,6657.7375,8373.7162,0.7813,0.4593
2025-10-24,72135.5185,53715.4678,3886.7500,8513.0381,0.5964,0.7446
2025-10-25,72042.7870,52644.3543,3941.0120,8395.8375,0.5985,0.7307
2025-10-26,117422.3443,52878.0323,6736.0178,8161.0500,0.7873,0.4503
2025-10-27,117790.5643,54237.9826,6847.2000,9378.2902,0.7829,0.4605
2025-10-28,117514.1448,51541.7231,6900.4850,8188.2057,0.7931,0.4386
2025-10-29,117721.6145,48409.3577,6805.1934,7776.0490,0.8070,0.4112
2025-10-30,116916.0706,52128.2529,6621.7587,8077.3125,0.7920,0.4459
2025-10-31,71748.9890,47844.6970,3904.8716,7220.7082,0.6177,0.6668
2025-11-01,71974.2095,49430.1711,4146.0000,7784.8365,0.6046,0.6868
2025-11-02,117843.2363,49046.8524,6728.5200,7893.6375,0.8022,0.4162
2025-11-03,117808.9150,48303.9848,6760.6400,7151.3340,0.8055,0.4100
2025-11-04,117396.6107,49816.5387,6737.2865,8212.6875,0.7976,0.4243
2025-11-05,117764.4076,48086.3875,6859.9100,7525.8475,0.8090,0.4083
2025-11-06,117713.0941,46343.5096,6805.1088,7272.4678,0.8151,0.3937
2025-11-07,72212.3787,48893.9169,3953.1600,7983.1221,0.6155,0.6771
2025-11-08,72034.8668,48243.6597,4020.4209,7651.0875,0.6173,0.6697
2025-11-09,117877.6702,46530.8530,6733.1800,7329.7894,0.8103,0.3947
2025-11-10,118420.1028,44561.6597,6768.8500,6936.4154,0.8190,0.3763
2025-11-11,117957.8674,46398.8478,6705.0900,7499.8500,0.8139,0.3934
2025-11-12,117416.7138,46460.7261,6793.4453,7891.9359,0.8124,0.3957
2025-11-13,117780.1073,45384.2360,6747.6715,7249.1215,0.8185,0.3853
2025-11-14,71737.8931,44139.4378,3953.3300,6884.6832,0.6291,0.6153
2025-11-15,72466.9768,44255.0899,4103.9797,7200.3025,0.6288,0.6107
2025-11-16,118360.2702,43925.7258,6842.8700,7466.2132,0.8206,0.3711
2025-11-17,117269.7106,44573.9563,6765.9265,7702.9804,0.8159,0.3801
2025-11-18,117783.6865,42893.1347,6822.0939,6812.8700,0.8219,0.3642
2025-11-19,118179.7014,42811.3898,6700.6715,7174.9457,0.8290,0.3623
2025-11-20,117846.4572,43053.3812,7006.8880,7010.6613,0.8212,0.3653
2025-11-21,71999.1771,43134.7930,4050.8300,6820.8000,0.6326,0.5991
2025-11-22,72549.9101,42330.0806,3919.1000,7069.0444,0.6367,0.5835
2025-11-23,117782.6922,42550.5959,6778.5543,7297.4140,0.8265,0.3613
2025-11-24,117975.6878,43813.7441,6750.7663,7090.6500,0.8211,0.3714
2025-11-25,117682.3922,41513.7317,6631.3100,6837.7875,0.8241,0.3528
2025-11-26,117686.4367,40928.7698,6960.4100,6435.7337,0.8299,0.3478
2025-11-27,117198.1417,41417.2489,6877.6699,6848.9250,0.8286,0.3534
2025-11-28,72239.0213,41317.7827,3902.5273,6811.5013,0.6340,0.5720
2025-11-29,72156.1999,37226.7498,4026.7500,5752.9795,0.6504,0.5159
2025-11-30,118008.8344,37764.0063,6931.8970,5982.3499,0.8396,0.3200
2025-12-01,125291.3916,38992.4639,7329.5700,6856.3368,0.9076,0.3112
2025-12-02,125400.6236,36762.8136,7370.3157,6294.0998,0.9153,0.2932
2025-12-03,124622.9311,37460.1826,7359.8300,6416.3250,0.9120,0.3006
2025-12-04,125336.2509,38565.0422,7507.0588,6477.1681,0.9051,0.3077
2025-12-05,78868.0711,37556.4434,4581.6900,6444.4500,0.7172,0.4762
2025-12-06,79470.8212,35806.1903,4482.8311,5964.1088,0.7272,0.4506
2025-12-07,125067.4629,37414.7817,7380.5350,6349.0500,0.9101,0.2992
2025-12-08,124410.3539,36563.1428,7298.9400,6129.5297,0.9085,0.2939
2025-12-09,124694.6811,37306.2268,7465.4925,6293.1158,0.9058,0.2992
2025-12-10,124378.7645,35991.1460,7401.4300,6068.7277,0.9162,0.2894
2025-12-11,123787.7990,37826.5443,7348.2190,6209.0250,0.8976,0.3056
2025-12-12,78661.7037,34947.2902,4615.7096,5522.8875,0.7238,0.4443
2025-12-13,78840.1576,35041.6242,4458.3065,5924.8154,0.7297,0.4445
2025-12-14,124522.5858,35743.8640,7265.2800,5857.5414,0.9207,0.2870
2025-12-15,124305.2255,34835.6675,7451.2952,5629.0906,0.9144,0.2802
2025-12-16,124646.9434,35228.8521,7422.2244,5642.3456,0.9109,0.2826
2025-12-17,124466.5547,36274.7076,7383.4703,5814.9221,0.9088,0.2914
2025-12-18,124315.3593,36949.0923,7394.7975,6579.7500,0.9095,0.2972
2025-12-19,78593.3254,35684.9341,4435.8367,5932.9542,0.7251,0.4540
2025-12-20,78668.5201,35812.1679,4479.9400,6127.4625,0.7190,0.4552
2025-12-21,124376.4410,35338.6591,7367.0100,5904.8948,0.9101,0.2841
2025-12-22,124718.4538,35781.0267,7210.5447,5910.7711,0.9193,0.2869
2025-12-23,123956.6546,36698.5620,7329.1752,6141.8029,0.9127,0.2961
2025-12-24,123954.3713,36099.8120,7368.5100,6432.1037,0.9083,0.2912
2025-12-25,123789.8579,35977.4094,7177.4300,5734.0684,0.9103,0.2906
2025-12-26,78270.3077,35262.6852,4468.0200,6365.1129,0.7238,0.4505
2025-12-27,78409.1839,35070.3749,4440.4113,5945.0707,0.7212,0.4473
2025-12-28,123511.2697,36702.0150,7347.2611,5980.1479,0.9059,0.2972
2025-12-29,123677.3064,36153.5401,7192.2330,5680.1489,0.9065,0.2923
2025-12-30,123526.5090,37302.1064,7326.7400,6382.7651,0.9005,0.3020
2025-12-31,123791.7051,35145.2821,7419.2944,5763.3651,0.9102,0.2839
